{"noiseKey":{"private":{"type":"Buffer","data":"iHesRo24h4Kon7uwuwT4vWWd+IXrJ7H+cKxIAfvyknM="},"public":{"type":"Buffer","data":"bg/VVN6Xd3MhIdcuLGCnlAeS73Od7AVomf+AdSyonl4="}},"pairingEphemeralKeyPair":{"private":{"type":"Buffer","data":"wNtXcWGRAKIPJk8Yj7jl520OK2hOvtvww3+ZHMthYnA="},"public":{"type":"Buffer","data":"uLYDwEbmiVPSpJ9SRdPLuTomyhUnINE8bG1NqBKrOiI="}},"signedIdentityKey":{"private":{"type":"Buffer","data":"ENnCM/yB0vVNy1OkxtYAzLRnrpJC6izC/iaCtQbooGY="},"public":{"type":"Buffer","data":"RLYMqxr+ntN8/NZ/MwN0/p1Jhe0X0U31pw8PF9V5ok8="}},"signedPreKey":{"keyPair":{"private":{"type":"Buffer","data":"SDg4GKCPGD723BkIWDEwg+rFZEB0rN8AdBDEnSD3OUI="},"public":{"type":"Buffer","data":"vtroxVtLABmczto6RqM08r3aFbG/1xThq+QVWCgQ9ic="}},"signature":{"type":"Buffer","data":"jtetbPAca5L9JhJjxGK+YErkKwJlzh/w9vDkF5Gwx+U1RiQkPieZcQPOkeNeS0I64efl28V3uwFvyBPjNYKCjA=="},"keyId":1},"registrationId":123,"advSecretKey":"pNW18vYYFakW+x+Z4Qr1JG7KgRNnUAV2khZoyym0SnI=","processedHistoryMessages":[{"key":{"remoteJid":"201127562948@s.whatsapp.net","fromMe":true,"id":"AC0FE14D48BEFC98055FD2A2D124F96F"},"messageTimestamp":1762258800},{"key":{"remoteJid":"201127562948@s.whatsapp.net","fromMe":true,"id":"AC725BA4F51A933303EAB49B0622CBC7"},"messageTimestamp":1762258800}],"nextPreKeyId":31,"firstUnuploadedPreKeyId":31,"accountSyncCounter":1,"accountSettings":{"unarchiveChats":false},"deviceId":"yZG8qcnrSWe0tyD3EESPww","phoneId":"4e04fd7a-1f0a-4f7a-8b62-2cc3afc3aa5c","identityId":{"type":"Buffer","data":"6r3qMul3Ymvqs79fXWL3K3k0//4="},"registered":true,"backupToken":{"type":"Buffer","data":"D19UdqjjfIsM40jVhKmfbtYMJuQ="},"registration":{},"pairingCode":"DRAY1922","me":{"id":"201127562948:14@s.whatsapp.net","lid":"130781754220735:14@lid","name":"متفائل في زمن اليأس"},"account":{"details":"CJOQ3akFEOfep8gGGAEgACgA","accountSignatureKey":"vx0/o2olGmKp50Tz/UVnkc4gxV7ly3iSjhpwi2dIpCs=","accountSignature":"GPQDPne5obZNhMcJZeE6aImDwG0mVGL0dYemsZLWqX5QViiZFgPEs/mt2vDuQwZRmJzXZ4wjHT/zitNU0hT2Cw==","deviceSignature":"hBcC5AYg76glW6UUXaMiJuO7xjOvbECeNhacnPo6hQGykLn5VJKbEkWQdl5S4YnwJOdUYr424cE9f8KU9hObhQ=="},"signalIdentities":[{"identifier":{"name":"201127562948:14@s.whatsapp.net","deviceId":0},"identifierKey":{"type":"Buffer","data":"Bb8dP6NqJRpiqedE8/1FZ5HOIMVe5ct4ko4acItnSKQr"}}],"platform":"android","routingInfo":{"type":"Buffer","data":"CAUICA=="},"lastAccountSyncTimestamp":1762258795,"myAppStateKeyId":"AAAAAJMU"}